"","Comment","AuthorDisplayName","AuthorProfileImageUrl","AuthorChannelUrl","AuthorChannelID","ReplyCount","LikeCount","PublishedAt","UpdatedAt","CommentID","ParentID","VideoID"
"1","Is it real voice of swami ji??","Shahzadpur Ambala","https://yt3.ggpht.com/a/AATXAJzWz8TH4vR0b9ITOVrJMDWT8vtBYARnx1skwA=s48-c-k-c0xffffffff-no-rj-mo","http://www.youtube.com/channel/UCSjTPvGuKdoHtgj8qP-Qeag","UCSjTPvGuKdoHtgj8qP-Qeag","0","0","2020-04-28T10:13:27.000Z","2020-04-28T10:13:27.000Z","UgyuVTKzcl7jWX6zddV4AaABAg",NA,"ii7obeNa20g"
"2","Wow, wonderful recording for 1893!...amazing what technology can recover.","Song Sabai","https://yt3.ggpht.com/a/AATXAJxgPQLTyMEtgxWuKEk6qkkvlCrJq4SJ5wJAdg=s48-c-k-c0xffffffff-no-rj-mo","http://www.youtube.com/channel/UC36wm_BJgoVgYsyXbKxNQzA","UC36wm_BJgoVgYsyXbKxNQzA","0","0","2020-04-25T16:24:45.000Z","2020-04-25T16:24:45.000Z","UgzXg3kv4I2clELp95R4AaABAg",NA,"ii7obeNa20g"
"3","Very nice","PANDIT RASHTRAPAL","https://yt3.ggpht.com/a/AATXAJxYcKPladySoQuSJN5jiVztLvwX_-2bb0MHSQ=s48-c-k-c0xffffffff-no-rj-mo","http://www.youtube.com/channel/UClEAkckz-PwTcC2c7PMEFpQ","UClEAkckz-PwTcC2c7PMEFpQ","0","0","2020-04-22T04:47:50.000Z","2020-04-22T04:47:50.000Z","UgwkTrXMfSogsPUWROV4AaABAg",NA,"ii7obeNa20g"
"4","Thank you for this wonderful post","Karl Chia","https://yt3.ggpht.com/a/AATXAJw9JEm7-PLdpla_XefUSwkae_SOQVGRgNMNxw=s48-c-k-c0xffffffff-no-rj-mo","http://www.youtube.com/channel/UClrt1avSE8D-Py1E0PD3HWw","UClrt1avSE8D-Py1E0PD3HWw","0","0","2020-04-21T12:00:24.000Z","2020-04-21T12:00:24.000Z","UgzchNLMlxYcsWQNwy54AaABAg",NA,"ii7obeNa20g"
"5","Inner peace cannot be awaited in outside..... Without any exaggeration <U+0001F4AF>. May I","Ellakkuvanraj Laxmanraj","https://yt3.ggpht.com/a/AATXAJxqYZ_XIvvgeBKUK1WFJVVWOzT5Pir5zygZLA=s48-c-k-c0xffffffff-no-rj-mo","http://www.youtube.com/channel/UCCSoBp801Vxlp2xI5CugEKQ","UCCSoBp801Vxlp2xI5CugEKQ","0","0","2020-04-21T05:29:31.000Z","2020-04-21T05:29:31.000Z","UgxnmWgKCXezeW0D_hV4AaABAg",NA,"ii7obeNa20g"
"6","Children 's of immortal bliss","Rupal Singh","https://yt3.ggpht.com/a/AATXAJylcv-AJUNLtCQRvrkrOJiQO8F66xzjwcVfWw=s48-c-k-c0xffffffff-no-rj-mo","http://www.youtube.com/channel/UC6g-NEPMQsF49xYoWIBzGJQ","UC6g-NEPMQsF49xYoWIBzGJQ","0","0","2020-04-19T11:11:21.000Z","2020-04-19T11:11:21.000Z","UgyR_SrLHDoX-AvGQtJ4AaABAg",NA,"ii7obeNa20g"
"7","A great speech on hinduism","venkatesh venkat","https://yt3.ggpht.com/a/AATXAJwq-xWkSbSqzoJ7Zz0u-4WOnEvkHMsVp3T0RQ=s48-c-k-c0xffffffff-no-rj-mo","http://www.youtube.com/channel/UCy5G6tpGMwBQHJrOJDIq-yA","UCy5G6tpGMwBQHJrOJDIq-yA","0","0","2020-04-18T13:39:10.000Z","2020-04-18T13:39:10.000Z","UgwuIMq6jnmsZyFWgVZ4AaABAg",NA,"ii7obeNa20g"
"8","He was shiv  gan
And paramhans  was one of thirty two jogni of kalika
Thus both were shiv  and shakti","Kiran Pandya","https://yt3.ggpht.com/a/AATXAJxKGYEVeK6QDfs7nC3Vd6YU5bOImr9mcOMWLw=s48-c-k-c0xffffffff-no-rj-mo","http://www.youtube.com/channel/UC_BmtaiS00af4rnXb_JDXxg","UC_BmtaiS00af4rnXb_JDXxg","0","0","2020-04-18T08:53:25.000Z","2020-04-18T08:53:25.000Z","Ugx-tPIdW9iUOqR5CH54AaABAg",NA,"ii7obeNa20g"
"9","<U+0001F64F>  So blissful to listen to His speech<U+0001F64F> Pranaam Master,,<U+0001F64F>","Vyjayanthi Upadhyay","https://yt3.ggpht.com/a/AATXAJzdhy6Ijr-mEl4777kGbMfeOHPf_5ksaZL9Fw=s48-c-k-c0xffffffff-no-rj-mo","http://www.youtube.com/channel/UC57nLwt-Hk82Xvz0MTlhWuA","UC57nLwt-Hk82Xvz0MTlhWuA","0","0","2020-04-16T14:11:10.000Z","2020-04-16T14:11:10.000Z","Ugz7dUpBzjp4-u7y7O94AaABAg",NA,"ii7obeNa20g"
"10","This person is very great. He has something for every person around the globe.","Roman Dodia","https://yt3.ggpht.com/a/AATXAJwbrH3cSzRHtu__wUxoVTUZ2C2L-w4QRdG0CQ=s48-c-k-c0xffffffff-no-rj-mo","http://www.youtube.com/channel/UC3QVv-3IVQZOAR5qqEIfUXw","UC3QVv-3IVQZOAR5qqEIfUXw","0","2","2020-04-10T14:36:27.000Z","2020-04-10T14:36:27.000Z","UgyTmqZg0hLNVzXH_ih4AaABAg",NA,"ii7obeNa20g"
"11","If he is alive there could be some control   on  Gandhi  n nehru and there dirty games","Dudala Ramesh","https://yt3.ggpht.com/a/AATXAJxC5t3_QWQqbHEneGqXfYGcdYupPcI_0mefEg=s48-c-k-c0xffffffff-no-rj-mo","http://www.youtube.com/channel/UCIktoPwXrAvMa4TqEKLz2JQ","UCIktoPwXrAvMa4TqEKLz2JQ","0","0","2020-04-06T09:24:44.000Z","2020-04-06T09:24:44.000Z","UgyPk8jzHTWkShxNZwZ4AaABAg",NA,"ii7obeNa20g"
"12","The speech turned me into an unlimited being ...thank you a million sir <U+0001F64F><U+0001F64F><U+0001F64F><U+0001F64F><U+0001F64F>","Ramesh Kuanr","https://yt3.ggpht.com/a/AATXAJyGMFOlXCjdsV91FLpKvijQK60UvCHVK0CPXA=s48-c-k-c0xffffffff-no-rj-mo","http://www.youtube.com/channel/UCcpzS1B8jItbNjqNTHrE2Fg","UCcpzS1B8jItbNjqNTHrE2Fg","0","1","2020-04-04T15:32:51.000Z","2020-04-04T15:32:51.000Z","Ugy92oRpdboPbGptlNR4AaABAg",NA,"ii7obeNa20g"
"13","Its awakening ,, opened a new way to think about religion ,Prof G Rajamohan","Rajamohan Govindarajan","https://yt3.ggpht.com/a/AATXAJxT8m8t6cDK50uroFTFuBK13otJaY7jj48dLQ=s48-c-k-c0xffffffff-no-rj-mo","http://www.youtube.com/channel/UCaIEzhu0kd8E6bcszgTLB7w","UCaIEzhu0kd8E6bcszgTLB7w","0","0","2020-04-04T12:24:22.000Z","2020-04-04T12:24:22.000Z","Ugx6bEFoiwL8Y7DR5FJ4AaABAg",NA,"ii7obeNa20g"
"14","<U+0001F64F> nice video . Wonderful speech .

<U+270D><U+FE0F> The persons who disliked this video need Meditation for mind purity & knowledge . If not , they have to take 400 births for reaching to the YOG Centre, & heaven/godly place  .
.....~~~ SVPSO Org Experts Team, BHARATH","SVPSO Org","https://yt3.ggpht.com/a/AATXAJybpvhTwcJ4TJ7ymX8vBH-CN4tCzt2IL2wU9w=s48-c-k-c0xffffffff-no-rj-mo","http://www.youtube.com/channel/UCAhYS1C76V2x7RDXp7Poreg","UCAhYS1C76V2x7RDXp7Poreg","0","2","2020-03-21T10:32:49.000Z","2020-03-21T10:32:49.000Z","UgyYJC-Cf5VCcqT3rHV4AaABAg",NA,"ii7obeNa20g"
"15","Great and eternal speech. Alas our leadership kept we indians ignorant of legends. Such ledgends should have been in our school books.","dharrajinder","https://yt3.ggpht.com/a/AATXAJwwyqJfDvye9jiM_reetL0522u61Xvplu5XHA=s48-c-k-c0xffffffff-no-rj-mo","http://www.youtube.com/channel/UCJ7ZE7CjhZBhnXDbrJSOGcA","UCJ7ZE7CjhZBhnXDbrJSOGcA","0","0","2020-03-20T14:54:12.000Z","2020-03-20T14:54:12.000Z","UgyK-rfD1nu13BaZeHp4AaABAg",NA,"ii7obeNa20g"
"16","Check 7:16 for great meditation content in these challenging times.","Patricia Mills","https://yt3.ggpht.com/a/AATXAJzT5d3CZ62IbnT7wlpGySwduhE7MRu2ZCuM2Q=s48-c-k-c0xffffffff-no-rj-mo","http://www.youtube.com/channel/UCb7dHUU3WTcUM98plLzKstA","UCb7dHUU3WTcUM98plLzKstA","0","0","2020-03-19T16:28:28.000Z","2020-03-19T16:28:28.000Z","UgwXhxw3-qDMnRE203l4AaABAg",NA,"ii7obeNa20g"
"17","AVATAR OF KRISHNA,AHIMSA but no pacifist knowe","Ari Ari","https://yt3.ggpht.com/a/AATXAJxCIhtsCb8Bh3d6t-EAGQQiLl7LVN60LgWtDg=s48-c-k-c0xffffffff-no-rj-mo","http://www.youtube.com/channel/UCUxerd8_IoaNt8QzW4Tqedw","UCUxerd8_IoaNt8QzW4Tqedw","0","0","2020-03-13T12:21:52.000Z","2020-03-13T12:22:46.000Z","UgxNeVC11t57bpvjcE54AaABAg",NA,"ii7obeNa20g"
"18","dear Swami, this is not your voice,i learnd lot of you. as vegie brohter RIPfriend where butchers ,A. time you learnd me wat PRABHUPADA in GITA says see a Brahmaan and paria with the same face","Ari Ari","https://yt3.ggpht.com/a/AATXAJxCIhtsCb8Bh3d6t-EAGQQiLl7LVN60LgWtDg=s48-c-k-c0xffffffff-no-rj-mo","http://www.youtube.com/channel/UCUxerd8_IoaNt8QzW4Tqedw","UCUxerd8_IoaNt8QzW4Tqedw","0","0","2020-03-13T10:27:45.000Z","2020-03-13T10:27:45.000Z","Ugx-78LyawGAd5Dq1hR4AaABAg",NA,"ii7obeNa20g"
"19","https://youtu.be/Is6vwfuVmo4","<U+0B85><U+0BB0><U+0BC1><U+0BB3><U+0BCD> <U+0BA8><U+0BC6><U+0BB1><U+0BBF>","https://yt3.ggpht.com/a/AATXAJy81jTRZtiuM1irxEcmItsSsc1W775fUM98nA=s48-c-k-c0xffffffff-no-rj-mo","http://www.youtube.com/channel/UCnwZhLIy2M6SraZhhqDqt4g","UCnwZhLIy2M6SraZhhqDqt4g","0","0","2020-03-08T22:41:19.000Z","2020-03-08T22:41:19.000Z","UgzhQ7CAkK9XlBdLAzh4AaABAg",NA,"ii7obeNa20g"
"20","Is this the revered swami's actual voice?","Bruce Gatten","https://yt3.ggpht.com/a/AATXAJyNvF-17kGEUyr84wVq3k_8NHGYEaiVkdQuaA=s48-c-k-c0xffffffff-no-rj-mo","http://www.youtube.com/channel/UCQlwttG89d6Y-lfwuQhrdxQ","UCQlwttG89d6Y-lfwuQhrdxQ","1","1","2020-03-03T05:40:22.000Z","2020-03-03T05:40:22.000Z","UgxgUT52ZdSElCAEWp14AaABAg",NA,"ii7obeNa20g"
"21","Super","anand kumar dubey","https://yt3.ggpht.com/a/AATXAJzE8SGVhvO_8anDTNNrROlkniwPP3RwwJtTKA=s48-c-k-c0xffffffff-no-rj-mo","http://www.youtube.com/channel/UCNAiH4Imm5n1upLj3du1eUA","UCNAiH4Imm5n1upLj3du1eUA","0","0","2020-02-25T03:46:07.000Z","2020-02-25T03:46:07.000Z","UgwZMrqNYCD5JrE_qiV4AaABAg",NA,"ii7obeNa20g"
"22","<U+2764>","Kats Tsupoy","https://yt3.ggpht.com/a/AATXAJzlgwqHF_QdPIInfMDqOYaLIGx0c6uADhnYUQ=s48-c-k-c0xffffffff-no-rj-mo","http://www.youtube.com/channel/UChn-k2HxTxsZIreK_IHN0BA","UChn-k2HxTxsZIreK_IHN0BA","0","0","2020-02-21T14:36:11.000Z","2020-02-21T14:36:11.000Z","UgwWeR7BqN7eoOaNgYh4AaABAg",NA,"ii7obeNa20g"
"23","Hello dear brothers do you hear to me?  there is no minor and major here. We are all human. Please never guess a human only by the religion he follows. Love love and only  love can bring peace and prosperity. Please let's live in a world with full of humanity and morality.","<U+0985><U+09A8><U+09C1><U+09B8><U+09A8><U+09CD><U+09A7><U+09BE><U+09A8> <U+09AC><U+09BE><U+0982><U+09B2><U+09BE> <U+099F><U+09BF><U+09AD><U+09BF>","https://yt3.ggpht.com/a/AATXAJxnQxceyyhymKI6Ecxk-LeeFJjizsZNOrHATQ=s48-c-k-c0xffffffff-no-rj-mo","http://www.youtube.com/channel/UCzmiXTSZL_jhW6WJRgtzubA","UCzmiXTSZL_jhW6WJRgtzubA","0","1","2020-02-18T08:49:32.000Z","2020-02-18T08:49:32.000Z","UgzQeLrR0gIR_xw4DO14AaABAg",NA,"ii7obeNa20g"
"24","Great great great speech...","Rajith Thayalepurayil","https://yt3.ggpht.com/a/AATXAJyZeNzw1Z0prHGA6fE1XirRsUt7e95qJvb_qg=s48-c-k-c0xffffffff-no-rj-mo","http://www.youtube.com/channel/UCMjAX1EXaMUrJ3nO--8bppw","UCMjAX1EXaMUrJ3nO--8bppw","0","0","2020-02-13T14:56:33.000Z","2020-02-13T14:56:33.000Z","UgyshxCnUnIT9Xiq3rJ4AaABAg",NA,"ii7obeNa20g"
"25","Excellent speech","Kanaklata Mahato","https://yt3.ggpht.com/a/AATXAJwscknj5MoYYfOAQPCQ4pF-hZThTYuIB9wevw=s48-c-k-c0xffffffff-no-rj-mo","http://www.youtube.com/channel/UCOmM15q25wj23hCR92ivL5Q","UCOmM15q25wj23hCR92ivL5Q","0","0","2020-02-09T11:11:24.000Z","2020-02-09T11:11:24.000Z","Ugz5fEyeJ05_JP1wKFF4AaABAg",NA,"ii7obeNa20g"
"26","One of the greatest person on the planet made by the almighty God , he was one of the living god's for humanity nd human beings.","B M","https://yt3.ggpht.com/a/AATXAJxKsYRbJX4hVgfjISovNFcfq9NFr2I2ftqtZw=s48-c-k-c0xffffffff-no-rj-mo","http://www.youtube.com/channel/UCPLk981Bn0UH4nUELWFYT_w","UCPLk981Bn0UH4nUELWFYT_w","1","1","2020-02-06T12:54:12.000Z","2020-02-06T12:54:12.000Z","Ugz553Xj2VrFGnOmuz94AaABAg",NA,"ii7obeNa20g"
"27","I need such a Guru like yours","Shibasankar Das","https://yt3.ggpht.com/a/AATXAJy18dDX-9FYGNM10oXrHbuFH6vbe2YxX6BAmQ=s48-c-k-c0xffffffff-no-rj-mo","http://www.youtube.com/channel/UC_4Ezmh5swtolG8_jPuxyqA","UC_4Ezmh5swtolG8_jPuxyqA","1","1","2020-01-28T14:41:00.000Z","2020-01-28T14:41:00.000Z","UgzAfu21P7JyEvPOmlZ4AaABAg",NA,"ii7obeNa20g"
"28","<U+0001F41A><U+0001F33E><U+0001F490><U+0001F337><U+0001F339><U+0001F33A><U+0001F338><U+0001F33C>Allow me to share the link for this magnificent daily happening as a compliment to your significant contribution.
Youtube Live @ Nithyananda
Twitter Live @ Sri Nithyananda
Insta Live @ SriNithyananda Parashakti varshana shudatvaita 
 #truefaceofthemedia #nithyananda #fakenews #nithyananditha #truth #Nithyananda #NithyanandaSatsang #SHRIKAILASA #ReligiousFreedom #ReligiousPersecution
#Hinduism #Right2BHindu #HinduHolocaust #NithyanandaRapeCaseExposed #UnitingNationsforConsciousBirthing","Ma Nithya Chidananda","https://yt3.ggpht.com/a/AATXAJxZEprEgB8CXpXU6i_PMCwbtlHUPORRV38swg=s48-c-k-c0xffffffff-no-rj-mo","http://www.youtube.com/channel/UCIT6I96B_1ZHg3_EiaiWu9A","UCIT6I96B_1ZHg3_EiaiWu9A","1","1","2020-01-24T02:27:40.000Z","2020-01-24T02:27:40.000Z","Ugzy-7vwESaEhHA6Z7t4AaABAg",NA,"ii7obeNa20g"
"29","Thanks for the wonderful video","Jani A","https://yt3.ggpht.com/a/AATXAJz785zoy3Gt-joAc4J75DseQpunCLPVm41_5w=s48-c-k-c0xffffffff-no-rj-mo","http://www.youtube.com/channel/UCqlAdiK2XCbBDHhi66p1Wsw","UCqlAdiK2XCbBDHhi66p1Wsw","2","0","2020-01-20T21:35:46.000Z","2020-01-20T21:35:46.000Z","UgwSsiJXgnAjNyjF7Q14AaABAg",NA,"ii7obeNa20g"
"30","World no 1 in the field of religion in 1893 representing India.The whole  world bowed down to this new world champion.","Bacharam Kenaram","https://yt3.ggpht.com/a/AATXAJzvOQPNySAZ0uz5hdv4Y7S49u2Ev7qL5Ykh3Q=s48-c-k-c0xffffffff-no-rj-mo","http://www.youtube.com/channel/UCs4MziHKIH2ugT13E6nco6g","UCs4MziHKIH2ugT13E6nco6g","1","1","2020-01-20T18:57:51.000Z","2020-01-20T19:04:22.000Z","Ugwk7z3ZWFgqM3GEIVJ4AaABAg",NA,"ii7obeNa20g"
"31","Thank you for the wonderful Seva of uploading this video.","Kausalya Bahadur","https://yt3.ggpht.com/a/AATXAJwAWVmLKAO6DzIGDwalhg-QZxzZgU7-sP_AzA=s48-c-k-c0xffffffff-no-rj-mo","http://www.youtube.com/channel/UCrpPUdSenQ7BTUgMIhSnvvg","UCrpPUdSenQ7BTUgMIhSnvvg","3","3","2020-01-13T19:35:36.000Z","2020-01-13T19:35:36.000Z","UgwuokL4BPs4Peh5NiF4AaABAg",NA,"ii7obeNa20g"
"32","Have a nice young day for swamiji","Devendra Kumar","https://yt3.ggpht.com/a/AATXAJzWQRET01qYGdm2k4EArD5Y02KIg-S8tfcWtw=s48-c-k-c0xffffffff-no-rj-mo","http://www.youtube.com/channel/UCk894CuKxhVM8bzyOGLS1LA","UCk894CuKxhVM8bzyOGLS1LA","0","0","2020-01-12T18:07:40.000Z","2020-01-12T18:07:40.000Z","UgwwyrY3FWJRhGs1Ibh4AaABAg",NA,"ii7obeNa20g"
"33","He still lives in our hearts","Laila Banerjee","https://yt3.ggpht.com/a/AATXAJx-B9DJZv7KFb4FYV5pQbfchJAYKJSN8JVlFA=s48-c-k-c0xffffffff-no-rj-mo","http://www.youtube.com/channel/UCs1RxUQJS_vXLYYfkvr50Bg","UCs1RxUQJS_vXLYYfkvr50Bg","1","4","2020-01-12T06:14:44.000Z","2020-01-12T06:14:44.000Z","UgxNy4RzP4a_Wu_tvYx4AaABAg",NA,"ii7obeNa20g"
"34","Thanks for compiling this video.","ankita singh","https://yt3.ggpht.com/a/AATXAJyV14HYVV6lfztT8du0YLlOO07RTE7iTurU4g=s48-c-k-c0xffffffff-no-rj-mo","http://www.youtube.com/channel/UC7YGSbeSmwZZnQxBBHQGL8Q","UC7YGSbeSmwZZnQxBBHQGL8Q","0","1","2020-01-11T03:50:32.000Z","2020-01-11T03:50:32.000Z","UgyVoiV1FB_bYDurp5R4AaABAg",NA,"ii7obeNa20g"
"35","Dear Manoj......thanks for insertig  the great speach of great Swamiji","Balan Nair","https://yt3.ggpht.com/a/AATXAJzfRywIFSGWaJVpeVPuiJQGOvbip9E3ew0ETw=s48-c-k-c0xffffffff-no-rj-mo","http://www.youtube.com/channel/UCg7U3Iyk-X-hGTO8UAEMBTA","UCg7U3Iyk-X-hGTO8UAEMBTA","1","2","2020-01-08T05:19:34.000Z","2020-01-08T05:19:34.000Z","UgxR1HibUk7XLetQBvN4AaABAg",NA,"ii7obeNa20g"
"36","Is this the real vlice of swami ji??if yes, then i am the luckiest boy on the earth who got the opportunity to listen his voice","The Invincible Gamer","https://yt3.ggpht.com/a/AATXAJxuj-ftC7BgOm9YVjRIx4GpHJV-vRHfVTLMPA=s48-c-k-c0xffffffff-no-rj-mo","http://www.youtube.com/channel/UC7Ip8EaXzGeBnSLFUR_SSUg","UC7Ip8EaXzGeBnSLFUR_SSUg","1","5","2020-01-05T06:38:34.000Z","2020-01-05T06:38:34.000Z","UgwgkTNPJQw9N0vu_-V4AaABAg",NA,"ii7obeNa20g"
"37","Proud to be a Hindu after hearing this speech by Vivekananda Swamiji.   Ocean of knowledge is Swamy Vivekanand.","veebeeyes","https://yt3.ggpht.com/a/AATXAJyDqN1lzMjU4pLMvyu3j_ayt8IvFBlMfA3Wdw=s48-c-k-c0xffffffff-no-rj-mo","http://www.youtube.com/channel/UCQcRW1w5-i09LK2c5ug3Cpg","UCQcRW1w5-i09LK2c5ug3Cpg","1","16","2020-01-04T10:02:17.000Z","2020-01-04T10:02:17.000Z","UgzXrl1G_W7_0qRgidN4AaABAg",NA,"ii7obeNa20g"
"38","Choli ulla renuka kulli 
Nam hai renukeshthan","Renuka G B","https://yt3.ggpht.com/a/AATXAJwyaXyoPRz0QiZxXZei3vyLbNn7esoYH_O41g=s48-c-k-c0xffffffff-no-rj-mo","http://www.youtube.com/channel/UC990v4w9-wIIXRSdU6wBuoA","UC990v4w9-wIIXRSdU6wBuoA","0","0","2020-01-04T03:29:06.000Z","2020-01-04T03:29:06.000Z","UgwFPFSwygFtQHuRgGp4AaABAg",NA,"ii7obeNa20g"
"39","<U+2764><U+2764>","Kats Tsupoy","https://yt3.ggpht.com/a/AATXAJzlgwqHF_QdPIInfMDqOYaLIGx0c6uADhnYUQ=s48-c-k-c0xffffffff-no-rj-mo","http://www.youtube.com/channel/UChn-k2HxTxsZIreK_IHN0BA","UChn-k2HxTxsZIreK_IHN0BA","0","0","2020-01-01T04:00:56.000Z","2020-01-01T04:00:56.000Z","Ugyzxcq7kDmuJi90nuh4AaABAg",NA,"ii7obeNa20g"
"40","Swami Vivekananda Was A Great Person,Philosopher And By The Way A Great Legend.","Suraj Patil","https://yt3.ggpht.com/a/AATXAJz8w4gH252NhGvtm7BIJ0pfNrJRRTZkqmm62Q=s48-c-k-c0xffffffff-no-rj-mo","http://www.youtube.com/channel/UCR_c_nmFgAOM5EtF3LOPSbg","UCR_c_nmFgAOM5EtF3LOPSbg","1","5","2019-12-26T14:12:30.000Z","2019-12-26T14:12:30.000Z","UgwagSWDjBFMkVisz7N4AaABAg",NA,"ii7obeNa20g"
"41","Wow  Not just tolerance but acceptance of eachother. purity , style, quality ,eloquence, clarity , perception, wisdom , deep insights of Life, creator ,& creation is one & same , knowledge of cosmic energy. Self Realization  is to evolve mankind to Truth .
Idiots live miserable life , wakeup from delusions .
Smart live  happy life ,as master of Mind & matter , as Pure consciousness .
 Death is only to body. Spirit is Free &  eternal  , children of immortal Bliss. Absolute Oneness in universal consciousness. 
Love for love sake ...... 
Real monks power of vak shudhi , power of Brahmacharya in 1893 Amazing ,pranams swami 
<U+0001F64F><U+0001F64F><U+0001F64F>","shansiva3","https://yt3.ggpht.com/a/AATXAJymFnx4HDUDm-k8HQfbYxSretWd2Natamjf8A=s48-c-k-c0xffffffff-no-rj-mo","http://www.youtube.com/channel/UCXFy3ZctqTDW5brEoGG9Zdw","UCXFy3ZctqTDW5brEoGG9Zdw","1","3","2019-12-26T01:28:56.000Z","2019-12-26T01:28:56.000Z","UgwzmyzCnsiIU0ZOc_94AaABAg",NA,"ii7obeNa20g"
"42","<U+09B2><U+09BF><U+09B8><U+09CD><U+099F><U+099F><U+09BE> <U+09AA><U+09BF><U+09A1><U+09BF><U+098F><U+09AB> <U+0995><U+09B0><U+09C7> <U+09AA><U+09BE><U+09A0><U+09BE><U+09A4><U+09C7> <U+09AA><U+09BE><U+09B0><U+09AC><U+09C7><U+09A8>","Sabyasachi Panda","https://yt3.ggpht.com/a/AATXAJxhb3CwDVbJy5p7riCDYyDvx-ue4SAhryGVRg=s48-c-k-c0xffffffff-no-rj-mo","http://www.youtube.com/channel/UCrCvRToiAsjtQBkso55vM0w","UCrCvRToiAsjtQBkso55vM0w","0","0","2019-12-17T13:21:19.000Z","2019-12-17T13:21:19.000Z","Ugx5CxdNpeskOUnIG3F4AaABAg",NA,"ii7obeNa20g"
"43","Thanks u so much for this speech!","Vinay Mishra","https://yt3.ggpht.com/a/AATXAJzkk6WUWs2D_bNLVXAG_CgkVJMu0VdOfNOmvA=s48-c-k-c0xffffffff-no-rj-mo","http://www.youtube.com/channel/UCitJgA7K5AtH6BX_wMfqU_g","UCitJgA7K5AtH6BX_wMfqU_g","0","6","2019-12-17T07:39:38.000Z","2019-12-17T07:39:38.000Z","UgxDmwFAJUpceaUFUgN4AaABAg",NA,"ii7obeNa20g"
"44","Swami ji your life should be Chapter in school and college.....","Binu 321","https://yt3.ggpht.com/a/AATXAJwgecLqs8jkOiJG6SzzXb8j8pOnNIjruyW4Nw=s48-c-k-c0xffffffff-no-rj-mo","http://www.youtube.com/channel/UCwtjbX50jm8aHFvAEwjkpJg","UCwtjbX50jm8aHFvAEwjkpJg","0","8","2019-12-16T22:10:42.000Z","2019-12-16T22:10:42.000Z","UgztyWUlCGqqkHXwxrt4AaABAg",NA,"ii7obeNa20g"
"45","superb","Tabassum Bano","https://yt3.ggpht.com/a/AATXAJzRa5H7kW7odQHl1pQH-paISsHx0Js0-wUuvw=s48-c-k-c0xffffffff-no-rj-mo","http://www.youtube.com/channel/UCm37B643HGyM2-4fsas3_Vg","UCm37B643HGyM2-4fsas3_Vg","0","2","2019-12-11T13:48:20.000Z","2019-12-11T13:48:20.000Z","UgxGA2zIVCW1OWU-LE54AaABAg",NA,"ii7obeNa20g"
"46","<U+0001F64F><U+0001F3FB><U+0001F64F><U+0001F3FB><U+0001F64F><U+0001F3FB><U+0001F64F><U+0001F3FB><U+0001F64F><U+0001F3FB><U+0001F64F><U+0001F3FB>","N Thakur","https://yt3.ggpht.com/a/AATXAJyFBFJbD9LbK1DcH7ERDcDN4kViwhK3cgRGtA=s48-c-k-c0xffffffff-no-rj-mo","http://www.youtube.com/channel/UC3ECieDyBHlgqRS6FpPNHOQ","UC3ECieDyBHlgqRS6FpPNHOQ","1","2","2019-12-08T20:25:42.000Z","2019-12-08T20:25:42.000Z","Ugz7PjMgWiJUGT7qpa14AaABAg",NA,"ii7obeNa20g"
"47","<U+0001F44D><U+0001F44D><U+0001F44D><U+0001F44D><U+0001F44D><U+0001F44C><U+0001F44C><U+0001F44C>","Sanjay Mehta","https://yt3.ggpht.com/a/AATXAJzYpsmze2JTZGOx2XhJy7oe2cXTE5GjXjHPFg=s48-c-k-c0xffffffff-no-rj-mo","http://www.youtube.com/channel/UC5oVJ2-SeUBDsUN6SFkwq_w","UC5oVJ2-SeUBDsUN6SFkwq_w","0","3","2019-12-07T17:49:13.000Z","2019-12-07T17:49:13.000Z","Ugw5Gwy02QzDnP3FH694AaABAg",NA,"ii7obeNa20g"
"48","the various new words in swami vivekanad  speechs","Aaye din hasi ke. .","https://yt3.ggpht.com/a/AATXAJw9XsiDOSHCYvYFjqhciUgxDdlkoJ0CYqgENg=s48-c-k-c0xffffffff-no-rj-mo","http://www.youtube.com/channel/UC34yupvYJPXxVd-dlBCyQjQ","UC34yupvYJPXxVd-dlBCyQjQ","1","4","2019-12-01T15:11:33.000Z","2019-12-01T15:11:33.000Z","Ugxln0Ix1mamW1NZj-V4AaABAg",NA,"ii7obeNa20g"
"49","<U+0001F44C>","Raghavendra Narera","https://yt3.ggpht.com/a/AATXAJw2JaBYCZ0VjJC5ygkvltU1O5mjXrD077l7Uw=s48-c-k-c0xffffffff-no-rj-mo","http://www.youtube.com/channel/UC6pynP9MEeYS6F5HZhbTinw","UC6pynP9MEeYS6F5HZhbTinw","0","1","2019-11-28T07:37:11.000Z","2019-11-28T07:37:11.000Z","UgybqXWxr2OqigNxE7Z4AaABAg",NA,"ii7obeNa20g"
"50","Great speech","DHYNA SA","https://yt3.ggpht.com/a/AATXAJwlUJEherrzmbDL-9Wao4rWDLfFI-8jUBLwww=s48-c-k-c0xffffffff-no-rj-mo","http://www.youtube.com/channel/UCleyhmuSegLsLTGQdbxSb1g","UCleyhmuSegLsLTGQdbxSb1g","0","3","2019-11-27T07:51:52.000Z","2019-11-27T07:51:52.000Z","UgxPDXuTtKnqAivPu_14AaABAg",NA,"ii7obeNa20g"
"51","Bullshit","Ravi Nivi","https://yt3.ggpht.com/a/AATXAJyBnJRXUVY5Sj9KtvU9TchJF07RIvGkLlek8w=s48-c-k-c0xffffffff-no-rj-mo","http://www.youtube.com/channel/UCyoMTaKzTgs2ytisXZv65wQ","UCyoMTaKzTgs2ytisXZv65wQ","0","0","2019-11-26T17:31:08.000Z","2019-11-26T17:31:08.000Z","Ugw1rrhUFJcPFnhCI1Z4AaABAg",NA,"ii7obeNa20g"
"52","We at Champion Cables, Lucknow, are indeed proud of Swami Vivekananda & his teachings .","CHAMPION CABLES","https://yt3.ggpht.com/a/AATXAJyq6P9811QBRhkCeq2l1gijgMVJkmvxz71U1Q=s48-c-k-c0xffffffff-no-rj-mo","http://www.youtube.com/channel/UCJvb7l0NQ7B8pVtzArcRoig","UCJvb7l0NQ7B8pVtzArcRoig","2","7","2019-11-25T09:32:16.000Z","2019-11-25T09:32:16.000Z","UgzyXniXrIcVrYLqno54AaABAg",NA,"ii7obeNa20g"
"53","Wisdom Vast, Universal all-embracing Religion of Hinduism
<U+0001F64F><U+0001F339><U+0001F64F>","Bijou das","https://yt3.ggpht.com/a/AATXAJzC9UbwU0ZFmmtZCBUWH_W6Z3hbSUwSpq3QWA=s48-c-k-c0xffffffff-no-rj-mo","http://www.youtube.com/channel/UC-F27TYTYwu6oAStHtCpq3g","UC-F27TYTYwu6oAStHtCpq3g","1","4","2019-11-21T00:57:07.000Z","2019-11-21T00:57:07.000Z","UgxKy_OlNaujRY_iJj94AaABAg",NA,"ii7obeNa20g"
"54","The great thought of Swami Vivekanand is respect by all human beings in this <U+0001F30F>world.","Er Govind kumar Singh","https://yt3.ggpht.com/a/AATXAJyBp_z9EAfThc5DSP0LEG9gwNY9RtxOs7DCkA=s48-c-k-c0xffffffff-no-rj-mo","http://www.youtube.com/channel/UCOKgiBhVzT4F0LVw1-fZjzw","UCOKgiBhVzT4F0LVw1-fZjzw","0","12","2019-11-19T12:28:41.000Z","2019-11-19T12:28:41.000Z","UgwieD-NO7pu0BhPh1R4AaABAg",NA,"ii7obeNa20g"
"55","Why would some one dislike this man","Anil Persaud","https://yt3.ggpht.com/a/AATXAJyNeIOasijYlp7hixgEgyqwLACSSB2SoOw_UA=s48-c-k-c0xffffffff-no-rj-mo","http://www.youtube.com/channel/UCJCjZGlVhctFSvB6LVYS_tQ","UCJCjZGlVhctFSvB6LVYS_tQ","0","4","2019-11-15T02:15:00.000Z","2019-11-15T02:15:00.000Z","Ugx4IjfIknA2J8Hgyql4AaABAg",NA,"ii7obeNa20g"
"56","It's not a original voice","bhimashankar kattimani","https://yt3.ggpht.com/a/AATXAJxIT-cOsGc9-YkiUIgbR0uNcDhKPOUKrm_EIg=s48-c-k-c0xffffffff-no-rj-mo","http://www.youtube.com/channel/UC6HJ4fn6e6pQzJZZS_3ehBw","UC6HJ4fn6e6pQzJZZS_3ehBw","1","3","2019-11-13T16:13:50.000Z","2019-11-13T16:13:50.000Z","Ugx-fSm8UUPm7LAYT9p4AaABAg",NA,"ii7obeNa20g"
"57","Original speech for jai ho","Devendra Kumar","https://yt3.ggpht.com/a/AATXAJzWQRET01qYGdm2k4EArD5Y02KIg-S8tfcWtw=s48-c-k-c0xffffffff-no-rj-mo","http://www.youtube.com/channel/UCk894CuKxhVM8bzyOGLS1LA","UCk894CuKxhVM8bzyOGLS1LA","0","0","2019-11-12T18:02:41.000Z","2019-11-12T18:02:41.000Z","UgxAqY9hDMyHC17rn_R4AaABAg",NA,"ii7obeNa20g"
"58","Original","Devendra Kumar","https://yt3.ggpht.com/a/AATXAJzWQRET01qYGdm2k4EArD5Y02KIg-S8tfcWtw=s48-c-k-c0xffffffff-no-rj-mo","http://www.youtube.com/channel/UCk894CuKxhVM8bzyOGLS1LA","UCk894CuKxhVM8bzyOGLS1LA","0","1","2019-11-12T18:01:56.000Z","2019-11-12T18:01:56.000Z","Ugx6RPp-8UdNhOxarwB4AaABAg",NA,"ii7obeNa20g"
"59","Great speech","Devendra Kumar","https://yt3.ggpht.com/a/AATXAJzWQRET01qYGdm2k4EArD5Y02KIg-S8tfcWtw=s48-c-k-c0xffffffff-no-rj-mo","http://www.youtube.com/channel/UCk894CuKxhVM8bzyOGLS1LA","UCk894CuKxhVM8bzyOGLS1LA","0","3","2019-11-12T17:53:51.000Z","2019-11-12T17:53:51.000Z","Ugzp1krUFADejbchL5l4AaABAg",NA,"ii7obeNa20g"
"60","The man who is miserable in this world will be comforted in the next life if he did not do bad. The happy man if do not help others with his means or selfish not bother about his fellowmen's misery,then  he has nothing to claim in the next life. The worldly life is very small like a well and next life is compared very bigger than the Oceans or Seas and endless one. If you are not good in this life you will not inherit the Next life or Motcha where there is no pain or death  but only you have a very satisfied and  happy life without an End. Humans can reason out but God who created all is attained by Faith not by science or theories which is man made or invented by humans. God is Truth and Love. He is Just and Righteous King and with Mercy beyond our human thinking and  imagination.This World is a sample of what will be the next World to come for eternity or endless ages.Time will stand still in the next life.","gladstone rayen","https://yt3.ggpht.com/a/AATXAJxsoza54uyzEeFKx3zdL0pPJQ6Sm6-cjSN9hg=s48-c-k-c0xffffffff-no-rj-mo","http://www.youtube.com/channel/UCsoNvw17guLYtmF0xd2ToAg","UCsoNvw17guLYtmF0xd2ToAg","0","0","2019-11-11T02:56:03.000Z","2019-11-11T03:49:37.000Z","UgyKT5C_BweInuVszrd4AaABAg",NA,"ii7obeNa20g"
"61","Your thought is the best.","sanket singh","https://yt3.ggpht.com/a/AATXAJzp76lUEKhK7q-FWIHsJWFD155wbsRKukOQWA=s48-c-k-c0xffffffff-no-rj-mo","http://www.youtube.com/channel/UCqP9ebK8C1ZdHB77ikkFUCA","UCqP9ebK8C1ZdHB77ikkFUCA","1","11","2019-11-01T21:43:14.000Z","2019-11-01T21:43:14.000Z","Ugxtcsp64gzxyW6lv_V4AaABAg",NA,"ii7obeNa20g"
"62","Where is the none hindu same some thing","Anil Persaud","https://yt3.ggpht.com/a/AATXAJyNeIOasijYlp7hixgEgyqwLACSSB2SoOw_UA=s48-c-k-c0xffffffff-no-rj-mo","http://www.youtube.com/channel/UCJCjZGlVhctFSvB6LVYS_tQ","UCJCjZGlVhctFSvB6LVYS_tQ","1","0","2019-10-24T02:26:08.000Z","2019-10-24T02:26:08.000Z","UgxZqLj-_9cnFTr0HMV4AaABAg",NA,"ii7obeNa20g"
"63","SWAMI   VIVEKANANDAN  ?    
 ARDHANU    ARDHAM    KITTIYAL    ARDHA   RATHRI    <U+0001F302><U+2602><U+FE0F><U+2614><U+2602><U+FE0F><U+2614>  UMBERLLA    PIDIKKUM  !","Punnoose Kc","https://yt3.ggpht.com/a/AATXAJypW7KI4DfxDRTtJDu6N7X5oAsrmppStI_kHQ=s48-c-k-c0xffffffff-no-rj-mo","http://www.youtube.com/channel/UCpl3wYImUVnlLLS75B6IxSA","UCpl3wYImUVnlLLS75B6IxSA","5","1","2019-10-21T02:47:23.000Z","2019-10-21T02:47:23.000Z","UgzMBk1ZPtn_JCu3-qh4AaABAg",NA,"ii7obeNa20g"
"64","VIVEKANANDA    DO   NOT   KNOW    THE   WORD   """"HINDU""""     IS   A    FOREIGN   WORD  //   WORD   RECEIVED   FROM    HINDU KHUSH   MOUNTAINS     OF    IRAN   !!!!!!!!!!!!","Punnoose Kc","https://yt3.ggpht.com/a/AATXAJypW7KI4DfxDRTtJDu6N7X5oAsrmppStI_kHQ=s48-c-k-c0xffffffff-no-rj-mo","http://www.youtube.com/channel/UCpl3wYImUVnlLLS75B6IxSA","UCpl3wYImUVnlLLS75B6IxSA","0","0","2019-10-21T02:41:18.000Z","2019-10-21T02:41:18.000Z","Ugyg2fJs6nkYYOrrQuN4AaABAg",NA,"ii7obeNa20g"
"65","VIVEKANANDA    SHOULD   HAVE        EXPLAINED  
 WHO   WERE   THE   GODS   OF   INDO     ARYANS       WHILE    THEY    WERE    AT   GREECE   ?????????????//  INDO   ARYANS   ARE   IMMIGRANDS   TO   INDIA   FROM    FUROPE ..  WHILE   THEIR    ANCESTER'S    LIVED    IN   EUROPE    
 WHERE     WERE     BRAMAV //  SIVA/_  AND   VISHNU ??????????????","Punnoose Kc","https://yt3.ggpht.com/a/AATXAJypW7KI4DfxDRTtJDu6N7X5oAsrmppStI_kHQ=s48-c-k-c0xffffffff-no-rj-mo","http://www.youtube.com/channel/UCpl3wYImUVnlLLS75B6IxSA","UCpl3wYImUVnlLLS75B6IxSA","0","0","2019-10-21T02:25:46.000Z","2019-10-21T02:25:46.000Z","UgzloZhmNth_9Ef_cJF4AaABAg",NA,"ii7obeNa20g"
"66","The great Indian saint vivekanand started his speech addressing  as sisters & brothers to All. It means he has great respect towards to All women of the world // thanks to u","Dr. Labanya Chandra Sahoo Lyricist Odishi","https://yt3.ggpht.com/a/AATXAJwQbsWQ1QgPcyTiYqAndpQCGAYUkaF4PJuHzA=s48-c-k-c0xffffffff-no-rj-mo","http://www.youtube.com/channel/UCN5E9FvMxJrAaNjnejwwXkw","UCN5E9FvMxJrAaNjnejwwXkw","0","2","2019-10-06T07:59:07.000Z","2019-10-06T07:59:07.000Z","UgxdP1cX2eVw83cFI2B4AaABAg",NA,"ii7obeNa20g"
"67","Original speech is not so clear.","Digant Bhatt","https://yt3.ggpht.com/a/AATXAJwetzjCzSmMmN96nZcLT_ECvBNxYO-W7kG-mw=s48-c-k-c0xffffffff-no-rj-mo","http://www.youtube.com/channel/UCaWUG6OsXLh7HobLQBb1vIw","UCaWUG6OsXLh7HobLQBb1vIw","2","3","2019-09-29T10:07:44.000Z","2019-09-29T10:07:44.000Z","Ugy3qQo2E9Ctzue776R4AaABAg",NA,"ii7obeNa20g"
"68","An undisputed warrior among the world's parliament of religions. Thanks for your help and support, a perfect resort when our own and everybody else ridicules and persecutes.","Chakravarthy C","https://yt3.ggpht.com/a/AATXAJwNg46z6doA4JPNLFYBeJbe8BjEQrx8D2oKdA=s48-c-k-c0xffffffff-no-rj-mo","http://www.youtube.com/channel/UCFcPro2vaGK_7TFlm439ZZA","UCFcPro2vaGK_7TFlm439ZZA","0","3","2019-09-28T23:47:28.000Z","2019-09-29T07:18:35.000Z","UgwuQrXuTBXaZ7YoW1t4AaABAg",NA,"ii7obeNa20g"
"69","Hindu real speech for usa","Devendra Kumar","https://yt3.ggpht.com/a/AATXAJzWQRET01qYGdm2k4EArD5Y02KIg-S8tfcWtw=s48-c-k-c0xffffffff-no-rj-mo","http://www.youtube.com/channel/UCk894CuKxhVM8bzyOGLS1LA","UCk894CuKxhVM8bzyOGLS1LA","0","2","2019-09-28T17:45:11.000Z","2019-09-28T17:45:11.000Z","Ugx5Zwl_zlRjL94dYVV4AaABAg",NA,"ii7obeNa20g"
"70","Great speech for usa","Devendra Kumar","https://yt3.ggpht.com/a/AATXAJzWQRET01qYGdm2k4EArD5Y02KIg-S8tfcWtw=s48-c-k-c0xffffffff-no-rj-mo","http://www.youtube.com/channel/UCk894CuKxhVM8bzyOGLS1LA","UCk894CuKxhVM8bzyOGLS1LA","1","2","2019-09-28T17:17:19.000Z","2019-09-28T17:17:19.000Z","Ugzd2FWGaR196fHGNgB4AaABAg",NA,"ii7obeNa20g"
"71","Legend is legend from birth to end of the world","Social Work","https://yt3.ggpht.com/a/AATXAJzsR-6tvvvktqph19m7sYj1b6DGi1NWff26pA=s48-c-k-c0xffffffff-no-rj-mo","http://www.youtube.com/channel/UC11mFdQNPHdRcuon-sqWz-Q","UC11mFdQNPHdRcuon-sqWz-Q","0","2","2019-09-27T09:45:36.000Z","2019-09-27T09:45:36.000Z","Ugw_p382sRViS4-fhkV4AaABAg",NA,"ii7obeNa20g"
"72","Excellent speech","TechOm","https://yt3.ggpht.com/a/AATXAJx2y_-jHM2cf_txAt_zLv1O4RWyL3RtFArF-A=s48-c-k-c0xffffffff-no-rj-mo","http://www.youtube.com/channel/UCIGbhUZVolqmJVnX60Dp6ew","UCIGbhUZVolqmJVnX60Dp6ew","0","2","2019-09-22T04:14:17.000Z","2019-09-22T04:14:17.000Z","Ugw191LagtecqcwoENB4AaABAg",NA,"ii7obeNa20g"
"73","Legend more knowledge of English than native speakers.","lokesh Bhardwaj","https://yt3.ggpht.com/a/AATXAJyAh0WB2ZoZD-33Ga-h2RXj2faUZN13WSSyJw=s48-c-k-c0xffffffff-no-rj-mo","http://www.youtube.com/channel/UCcCQFs7t3SKPeRaLWM563HQ","UCcCQFs7t3SKPeRaLWM563HQ","2","3","2019-09-11T17:30:05.000Z","2019-09-11T17:30:05.000Z","Ugyb24NJqKDGyEpUz_F4AaABAg",NA,"ii7obeNa20g"
"74","<U+0001F44D><U+0001F44D><U+0001F42F><U+0001F42F><U+0001F600><U+0001F600><U+0001F600>","sibu roy","https://yt3.ggpht.com/a/AATXAJydlNdyYXFwRpw1_IjP82gbZX_S3yBiC0Th0A=s48-c-k-c0xffffffff-no-rj-mo","http://www.youtube.com/channel/UC668FNwoyMYbb3y6CkJ3H1A","UC668FNwoyMYbb3y6CkJ3H1A","0","2","2019-09-09T15:27:09.000Z","2019-09-09T15:27:09.000Z","UgxBNcqWcAqDndDaqfR4AaABAg",NA,"ii7obeNa20g"
"75","This speech earlier had videos that did not have a very clear audio. This video has a fantastic audio quality and far exceeded my expectations. Great work. Thanks for uploading this.","SANTOSH MITRA","https://yt3.ggpht.com/a/AATXAJz9lFFla7sTzgStU3FmwC0mJJ9p-NqyhxUOOw=s48-c-k-c0xffffffff-no-rj-mo","http://www.youtube.com/channel/UCz_lR6cwvy_rFtEs6Apwptw","UCz_lR6cwvy_rFtEs6Apwptw","0","3","2019-09-08T17:23:28.000Z","2019-09-08T17:23:28.000Z","Ugyvao66Myo3a8LNaiN4AaABAg",NA,"ii7obeNa20g"
"76","Sanskrit Kaha hai","Dinesh Yadav and watan","https://yt3.ggpht.com/a/AATXAJysbxX1YVohr_pQt2ErLCfEVeM6hfjf6SoVYg=s48-c-k-c0xffffffff-no-rj-mo","http://www.youtube.com/channel/UCKl-uOPKaYOaIHqOWixf_Kg","UCKl-uOPKaYOaIHqOWixf_Kg","1","1","2019-09-03T13:42:24.000Z","2019-09-03T13:42:24.000Z","UgwNcCGzq2WejD5M1x94AaABAg",NA,"ii7obeNa20g"
"77","No word can praise the speeech of Swami Vivekandanda.","Debasish Sarkar","https://yt3.ggpht.com/a/AATXAJxDAcg9FVat1cnNcF34TFwuZsY7QjuUMjyuUQ=s48-c-k-c0xffffffff-no-rj-mo","http://www.youtube.com/channel/UCq4dYra-xaSd13iKsTUUM0w","UCq4dYra-xaSd13iKsTUUM0w","0","10","2019-06-30T17:14:22.000Z","2019-06-30T17:14:22.000Z","UgxIANeGkPufTJg8yHV4AaABAg",NA,"ii7obeNa20g"
"78","Nothing word can praise the lecture of swami Vivekananda.","Debasish Sarkar","https://yt3.ggpht.com/a/AATXAJxDAcg9FVat1cnNcF34TFwuZsY7QjuUMjyuUQ=s48-c-k-c0xffffffff-no-rj-mo","http://www.youtube.com/channel/UCq4dYra-xaSd13iKsTUUM0w","UCq4dYra-xaSd13iKsTUUM0w","1","6","2019-06-30T17:12:51.000Z","2019-06-30T17:12:51.000Z","Ugy-I8NQGQwyJJrMBuJ4AaABAg",NA,"ii7obeNa20g"
"79","<U+0CB8><U+0CCD><U+0CB5><U+0CBE><U+0CAE><U+0CC0><U+0C9C><U+0CBF> <U+0CAF> <U+0C86> <U+0CA6><U+0CCD><U+0CB5><U+0CA8><U+0CBF> <U+0CAF><U+0CB2><U+0CCD><U+0CB2><U+0CBF> <U+0C85><U+0CA6><U+0CC6><U+0C82><U+0CA4><U+0CB9><U+0CBE> <U+0CAE><U+0CC3><U+0CA6><U+0CC1><U+0CA4><U+0CCD><U+0CB5> <U+0C85><U+0CA6><U+0CC6><U+0C82><U+0CA4><U+0CB9><U+0CBE> <U+0C86><U+0CA4><U+0CCD><U+0CAE> <U+0CB5><U+0CBF><U+0CB6><U+0CCD><U+0CB5><U+0CBE><U+0CB8>....<U+0C97><U+0CCD><U+0CB0><U+0CC7><U+0C9F><U+0CCD> <U+0CAE><U+0CC8> <U+0C87><U+0C82><U+0CA1><U+0CBF><U+0CAF><U+0CBE>","Karibasaveswara Chakrasali","https://yt3.ggpht.com/a/AATXAJxx53V7-6aKUqTTimmX7DJXpAcAOCUbcaWKog=s48-c-k-c0xffffffff-no-rj-mo","http://www.youtube.com/channel/UC31f1seCuYuHxbV8AowNqug","UC31f1seCuYuHxbV8AowNqug","0","4","2019-06-08T12:46:09.000Z","2019-06-08T12:46:09.000Z","UgxpG_Bw3XTsvsQWgAp4AaABAg",NA,"ii7obeNa20g"
"80","Great","Rashid Awana","https://yt3.ggpht.com/a/AATXAJxOxYJRoLg4TfedM7zLegkqyW81UZq6ubL75g=s48-c-k-c0xffffffff-no-rj-mo","http://www.youtube.com/channel/UCKaWymbhTqMW0HVxvEzERzA","UCKaWymbhTqMW0HVxvEzERzA","0","2","2019-06-04T00:45:35.000Z","2019-06-04T00:45:35.000Z","UgzE4m7UKRaAqRkH0O94AaABAg",NA,"ii7obeNa20g"
"81","Good speech","SUBHANKAR MAHAPATRA","https://yt3.ggpht.com/a/AATXAJyamjV34mYgbyQq7Tjyn1etwm2utazyWs5cow=s48-c-k-c0xffffffff-no-rj-mo","http://www.youtube.com/channel/UCDw5MTQW7uxPdfwapyr1RWw","UCDw5MTQW7uxPdfwapyr1RWw","0","3","2019-05-17T17:05:40.000Z","2019-05-17T17:05:40.000Z","UgzzWG3lJ-iN0LOxN9d4AaABAg",NA,"ii7obeNa20g"
"82","Osm speech","Richu Mittal","https://yt3.ggpht.com/a/AATXAJyHouvbWScvk2v1PSkBWnfGDLhwilkD_nDfRQ=s48-c-k-c0xffffffff-no-rj-mo","http://www.youtube.com/channel/UCfNFp9ULY5tVjT-qgwEOggg","UCfNFp9ULY5tVjT-qgwEOggg","0","1","2019-02-22T06:43:48.000Z","2019-02-22T06:43:48.000Z","UgwlNrMnTt3_VZfJ0RV4AaABAg",NA,"ii7obeNa20g"
"83","U r great sir","Richu Mittal","https://yt3.ggpht.com/a/AATXAJyHouvbWScvk2v1PSkBWnfGDLhwilkD_nDfRQ=s48-c-k-c0xffffffff-no-rj-mo","http://www.youtube.com/channel/UCfNFp9ULY5tVjT-qgwEOggg","UCfNFp9ULY5tVjT-qgwEOggg","0","3","2019-02-21T06:37:43.000Z","2019-02-21T06:37:43.000Z","Ugx6kudu3-vrQJgyWeJ4AaABAg",NA,"ii7obeNa20g"
"84","Great speach <U+0001F33A><U+0001F33A><U+0001F33A><U+0001F33A><U+0001F33A>","hemanth reddy","https://yt3.ggpht.com/a/AATXAJxIvC3YCI5DLxLQOAFzncARxSPt1_4H7Z4jbQ=s48-c-k-c0xffffffff-no-rj-mo","http://www.youtube.com/channel/UCzFmvew1gpryaokvqnbiVJg","UCzFmvew1gpryaokvqnbiVJg","0","5","2019-01-25T05:11:49.000Z","2019-01-25T05:11:49.000Z","UgwmoDtBAiiXddnYL9x4AaABAg",NA,"ii7obeNa20g"
"85","<U+0001F44D>","Krishna jarak","https://yt3.ggpht.com/a/AATXAJz7oLZ7Sk61GoTgeUZKvhKOmu_JdHMMAuujLw=s48-c-k-c0xffffffff-no-rj-mo","http://www.youtube.com/channel/UC5vU__EKUSnT6YRHapg8dmA","UC5vU__EKUSnT6YRHapg8dmA","1","5","2018-03-29T10:03:44.000Z","2018-03-29T10:03:44.000Z","Ugw8xCBqvJBQ87GY5cx4AaABAg",NA,"ii7obeNa20g"
"86","feeling proud <U+0001F44C>","Tejas Raut","https://yt3.ggpht.com/a/AATXAJxtn8p69usnCn_y_o3w_sIQbPsEyeoE-WjVJg=s48-c-k-c0xffffffff-no-rj-mo","http://www.youtube.com/channel/UCD2ey3OYo8UZANYiLbzENag","UCD2ey3OYo8UZANYiLbzENag","1","3","2017-03-06T04:49:05.000Z","2017-03-06T04:49:05.000Z","UgiWWY6Gqz3ZrHgCoAEC",NA,"ii7obeNa20g"
"87","no my grandfhater, was from 1878","Ari Ari","https://yt3.ggpht.com/a/AATXAJxCIhtsCb8Bh3d6t-EAGQQiLl7LVN60LgWtDg=s48-c-k-c0xffffffff-no-rj-mo","http://www.youtube.com/channel/UCUxerd8_IoaNt8QzW4Tqedw","UCUxerd8_IoaNt8QzW4Tqedw","0","0","2020-03-13T10:30:15.000Z","2020-03-13T10:30:15.000Z","UgxgUT52ZdSElCAEWp14AaABAg.95j9CgthWoT968QKdNxm1K","UgxgUT52ZdSElCAEWp14AaABAg","ii7obeNa20g"
"88","AVATAR","Ari Ari","https://yt3.ggpht.com/a/AATXAJxCIhtsCb8Bh3d6t-EAGQQiLl7LVN60LgWtDg=s48-c-k-c0xffffffff-no-rj-mo","http://www.youtube.com/channel/UCUxerd8_IoaNt8QzW4Tqedw","UCUxerd8_IoaNt8QzW4Tqedw","0","0","2020-03-13T11:54:52.000Z","2020-03-13T11:54:52.000Z","Ugz553Xj2VrFGnOmuz94AaABAg.94gzBX2EaDJ968_0S2_LOn","Ugz553Xj2VrFGnOmuz94AaABAg","ii7obeNa20g"
"89","to late start with the GITA,","Ari Ari","https://yt3.ggpht.com/a/AATXAJxCIhtsCb8Bh3d6t-EAGQQiLl7LVN60LgWtDg=s48-c-k-c0xffffffff-no-rj-mo","http://www.youtube.com/channel/UCUxerd8_IoaNt8QzW4Tqedw","UCUxerd8_IoaNt8QzW4Tqedw","0","0","2020-03-13T11:56:50.000Z","2020-03-13T11:56:50.000Z","UgzAfu21P7JyEvPOmlZ4AaABAg.94L-FlzdOm-968_ElTlYfR","UgzAfu21P7JyEvPOmlZ4AaABAg","ii7obeNa20g"
"90","HARI KRIHSNA FRIEND","Ari Ari","https://yt3.ggpht.com/a/AATXAJxCIhtsCb8Bh3d6t-EAGQQiLl7LVN60LgWtDg=s48-c-k-c0xffffffff-no-rj-mo","http://www.youtube.com/channel/UCUxerd8_IoaNt8QzW4Tqedw","UCUxerd8_IoaNt8QzW4Tqedw","0","0","2020-03-13T12:00:00.000Z","2020-03-13T12:00:00.000Z","Ugzy-7vwESaEhHA6Z7t4AaABAg.949O9BQaoH9968_b3QtR0v","Ugzy-7vwESaEhHA6Z7t4AaABAg","ii7obeNa20g"
"91","@Suman Sawant BJP Jai Sri RAM,YOGI ADYAINANT","Ari Ari","https://yt3.ggpht.com/a/AATXAJxCIhtsCb8Bh3d6t-EAGQQiLl7LVN60LgWtDg=s48-c-k-c0xffffffff-no-rj-mo","http://www.youtube.com/channel/UCUxerd8_IoaNt8QzW4Tqedw","UCUxerd8_IoaNt8QzW4Tqedw","0","0","2020-03-13T12:09:39.000Z","2020-03-13T12:09:39.000Z","UgwSsiJXgnAjNyjF7Q14AaABAg.9418MiAsDxa968ahk1_5-z","UgwSsiJXgnAjNyjF7Q14AaABAg","ii7obeNa20g"
"92","<U+0905><U+092E><U+0942><U+0932><U+094D><U+092F> <U+0935><U+093F><U+091A><U+093E><U+0930> <U+0926><U+093F><U+0932><U+0947>.","Suman Sawant","https://yt3.ggpht.com/a/AATXAJx92xwXWNESe4m74t8Zv8QX0iQqzlEnQpl21A=s48-c-k-c0xffffffff-no-rj-mo","http://www.youtube.com/channel/UC4-__dX8kzdFBYCo44_ZHZQ","UC4-__dX8kzdFBYCo44_ZHZQ","0","2","2020-02-15T15:45:10.000Z","2020-02-15T15:45:10.000Z","UgwSsiJXgnAjNyjF7Q14AaABAg.9418MiAsDxa953SuWn1py2","UgwSsiJXgnAjNyjF7Q14AaABAg","ii7obeNa20g"
"93","He represented Hinduism and not India..it was parliament of religions..other Indians of Muslin and Christian faith too went..","Prashant Singh","https://yt3.ggpht.com/a/AATXAJyKmQGkVSlIqbYhJVJvXm7Vb1f0fGfCtHNV_w=s48-c-k-c0xffffffff-no-rj-mo","http://www.youtube.com/channel/UCUz6GWmPjZ-fJwYk5lCxb-Q","UCUz6GWmPjZ-fJwYk5lCxb-Q","0","0","2020-04-04T05:24:11.000Z","2020-04-04T05:24:11.000Z","Ugwk7z3ZWFgqM3GEIVJ4AaABAg.940rI15LqYg970WnEk4Nt9","Ugwk7z3ZWFgqM3GEIVJ4AaABAg","ii7obeNa20g"
"94","Didi    Namaste , I know english ...<U+0001F61A>","anu chhabra","https://yt3.ggpht.com/a/AATXAJx38F8rUZ1lREd8BFlTvd9LX7ftHUA5XCHNrA=s48-c-k-c0xffffffff-no-rj-mo","http://www.youtube.com/channel/UCEE17PuBchbOlqa0wuavkPw","UCEE17PuBchbOlqa0wuavkPw","0","0","2020-04-20T02:23:46.000Z","2020-04-20T02:23:46.000Z","UgwuokL4BPs4Peh5NiF4AaABAg.93ju2Qo168K97eOrntJ1_Q","UgwuokL4BPs4Peh5NiF4AaABAg","ii7obeNa20g"
"95","@anu chhabra Sorry for not replying.  I do not speak Hindi.  I am from Guyana.  My grandparents came from India.  My heart and soul is very connected to my motherland.","Kausalya Bahadur","https://yt3.ggpht.com/a/AATXAJwAWVmLKAO6DzIGDwalhg-QZxzZgU7-sP_AzA=s48-c-k-c0xffffffff-no-rj-mo","http://www.youtube.com/channel/UCrpPUdSenQ7BTUgMIhSnvvg","UCrpPUdSenQ7BTUgMIhSnvvg","0","0","2020-04-19T19:10:04.000Z","2020-04-19T19:10:04.000Z","UgwuokL4BPs4Peh5NiF4AaABAg.93ju2Qo168K97dcEG5oQVX","UgwuokL4BPs4Peh5NiF4AaABAg","ii7obeNa20g"
"96","Didi  pranam  ap kon h apne  bataya nheee phele  bhee   ham pucch  chuke h ..","anu chhabra","https://yt3.ggpht.com/a/AATXAJx38F8rUZ1lREd8BFlTvd9LX7ftHUA5XCHNrA=s48-c-k-c0xffffffff-no-rj-mo","http://www.youtube.com/channel/UCEE17PuBchbOlqa0wuavkPw","UCEE17PuBchbOlqa0wuavkPw","0","0","2020-04-19T06:03:43.000Z","2020-04-19T06:03:43.000Z","UgwuokL4BPs4Peh5NiF4AaABAg.93ju2Qo168K97cDEqQww5s","UgwuokL4BPs4Peh5NiF4AaABAg","ii7obeNa20g"
"97","DHARMA HARI KRISHNA","Ari Ari","https://yt3.ggpht.com/a/AATXAJxCIhtsCb8Bh3d6t-EAGQQiLl7LVN60LgWtDg=s48-c-k-c0xffffffff-no-rj-mo","http://www.youtube.com/channel/UCUxerd8_IoaNt8QzW4Tqedw","UCUxerd8_IoaNt8QzW4Tqedw","0","0","2020-03-13T11:52:01.000Z","2020-03-13T11:52:01.000Z","UgxNy4RzP4a_Wu_tvYx4AaABAg.93ftal4Vs3L968ZgUrSliX","UgxNy4RzP4a_Wu_tvYx4AaABAg","ii7obeNa20g"
"98","KRIHSNA'S","Ari Ari","https://yt3.ggpht.com/a/AATXAJxCIhtsCb8Bh3d6t-EAGQQiLl7LVN60LgWtDg=s48-c-k-c0xffffffff-no-rj-mo","http://www.youtube.com/channel/UCUxerd8_IoaNt8QzW4Tqedw","UCUxerd8_IoaNt8QzW4Tqedw","0","0","2020-03-13T11:58:50.000Z","2020-03-13T11:58:50.000Z","UgxR1HibUk7XLetQBvN4AaABAg.93WV6Irqqpr968_TQgU_FS","UgxR1HibUk7XLetQBvN4AaABAg","ii7obeNa20g"
"99","No. The great swamy's speech was never recorded(as per Sriramakrishna Mission sources).","Mohanan a g","https://yt3.ggpht.com/a/AATXAJzqrz4M4lh5PkCuyWUB39TDOlYS1ah91GW6kQ=s48-c-k-c0xffffffff-no-rj-mo","http://www.youtube.com/channel/UCIaE_UvVx9dZKtWB0IGWlZQ","UCIaE_UvVx9dZKtWB0IGWlZQ","0","1","2020-04-03T10:39:43.000Z","2020-04-03T10:39:43.000Z","UgwgkTNPJQw9N0vu_-V4AaABAg.93OulDw8j6396zW6P_RYyf","UgwgkTNPJQw9N0vu_-V4AaABAg","ii7obeNa20g"
"100","says the same,as SRI PRABHUPADA GITA trancelater","Ari Ari","https://yt3.ggpht.com/a/AATXAJxCIhtsCb8Bh3d6t-EAGQQiLl7LVN60LgWtDg=s48-c-k-c0xffffffff-no-rj-mo","http://www.youtube.com/channel/UCUxerd8_IoaNt8QzW4Tqedw","UCUxerd8_IoaNt8QzW4Tqedw","0","0","2020-03-13T11:48:37.000Z","2020-03-13T11:49:25.000Z","UgzXrl1G_W7_0qRgidN4AaABAg.93MhHQQ8NTt968ZIbMMqUi","UgzXrl1G_W7_0qRgidN4AaABAg","ii7obeNa20g"
"101","only tells KRISHNA teaching","Ari Ari","https://yt3.ggpht.com/a/AATXAJxCIhtsCb8Bh3d6t-EAGQQiLl7LVN60LgWtDg=s48-c-k-c0xffffffff-no-rj-mo","http://www.youtube.com/channel/UCUxerd8_IoaNt8QzW4Tqedw","UCUxerd8_IoaNt8QzW4Tqedw","0","0","2020-03-13T11:54:20.000Z","2020-03-13T11:54:20.000Z","UgwagSWDjBFMkVisz7N4AaABAg.93-ylAbMzyp968ZxV0vgBr","UgwagSWDjBFMkVisz7N4AaABAg","ii7obeNa20g"
"102","dit no of you read the GITA","Ari Ari","https://yt3.ggpht.com/a/AATXAJxCIhtsCb8Bh3d6t-EAGQQiLl7LVN60LgWtDg=s48-c-k-c0xffffffff-no-rj-mo","http://www.youtube.com/channel/UCUxerd8_IoaNt8QzW4Tqedw","UCUxerd8_IoaNt8QzW4Tqedw","0","0","2020-03-13T12:07:44.000Z","2020-03-13T12:07:44.000Z","UgwzmyzCnsiIU0ZOc_94AaABAg.92zbNhQ_As5968aUbzJQI8","UgwzmyzCnsiIU0ZOc_94AaABAg","ii7obeNa20g"
"103","Pray at the foot of great God swami Vivekananda","Santosh Panda","https://yt3.ggpht.com/a/AATXAJwO8fPLckzf_Lh6SFgs9JgrkR7388aaWv55UA=s48-c-k-c0xffffffff-no-rj-mo","http://www.youtube.com/channel/UCtH6FXOD1HZ__rj59jGIJeg","UCtH6FXOD1HZ__rj59jGIJeg","0","1","2019-12-29T06:07:54.000Z","2019-12-29T06:07:54.000Z","Ugz7PjMgWiJUGT7qpa14AaABAg.92II9nMd8Ny936pgaKQhjk","Ugz7PjMgWiJUGT7qpa14AaABAg","ii7obeNa20g"
"104","this is not HIS voice","Ari Ari","https://yt3.ggpht.com/a/AATXAJxCIhtsCb8Bh3d6t-EAGQQiLl7LVN60LgWtDg=s48-c-k-c0xffffffff-no-rj-mo","http://www.youtube.com/channel/UCUxerd8_IoaNt8QzW4Tqedw","UCUxerd8_IoaNt8QzW4Tqedw","0","0","2020-03-13T11:50:44.000Z","2020-03-13T11:50:44.000Z","Ugxln0Ix1mamW1NZj-V4AaABAg.92-hdopWqcO968ZYA9-lhs","Ugxln0Ix1mamW1NZj-V4AaABAg","ii7obeNa20g"
"105","A real gift for human kind n INDIA to hv ,with vast knowledge , being respected in the whole world god bless,
Ashokumaran","Khairul Anuar Asokumaran","https://yt3.ggpht.com/a/AATXAJzUbDZsd73z6HRISi5qEh8z4hBFDEieeBNyGA=s48-c-k-c0xffffffff-no-rj-mo","http://www.youtube.com/channel/UCJh7MHh6Kwka7Q8rGqV63Kg","UCJh7MHh6Kwka7Q8rGqV63Kg","0","0","2020-04-25T16:34:49.000Z","2020-04-25T16:34:49.000Z","UgzyXniXrIcVrYLqno54AaABAg.91ke2bEwbk597snEPvHW7S","UgzyXniXrIcVrYLqno54AaABAg","ii7obeNa20g"
"106","KRISHNA,S teaching","Ari Ari","https://yt3.ggpht.com/a/AATXAJxCIhtsCb8Bh3d6t-EAGQQiLl7LVN60LgWtDg=s48-c-k-c0xffffffff-no-rj-mo","http://www.youtube.com/channel/UCUxerd8_IoaNt8QzW4Tqedw","UCUxerd8_IoaNt8QzW4Tqedw","0","0","2020-03-13T11:55:40.000Z","2020-03-13T11:55:40.000Z","UgzyXniXrIcVrYLqno54AaABAg.91ke2bEwbk5968_6GSMtgI","UgzyXniXrIcVrYLqno54AaABAg","ii7obeNa20g"
"107","the only RELIGION BJP YOGI ADYAINANT","Ari Ari","https://yt3.ggpht.com/a/AATXAJxCIhtsCb8Bh3d6t-EAGQQiLl7LVN60LgWtDg=s48-c-k-c0xffffffff-no-rj-mo","http://www.youtube.com/channel/UCUxerd8_IoaNt8QzW4Tqedw","UCUxerd8_IoaNt8QzW4Tqedw","0","0","2020-03-13T12:11:16.000Z","2020-03-13T12:11:16.000Z","UgxKy_OlNaujRY_iJj94AaABAg.91_Qv366zoy968atYzXspY","UgxKy_OlNaujRY_iJj94AaABAg","ii7obeNa20g"
"108","Where is original voice","Balachandra Acharya","https://yt3.ggpht.com/a/AATXAJyd4A5iGQkRrVtEvHMLrSjVThUUFDKu2feQ=s48-c-k-c0xffffffff-no-rj-mo","http://www.youtube.com/channel/UCNn9Q6ZUGTd5whS2MnVdklw","UCNn9Q6ZUGTd5whS2MnVdklw","0","0","2019-12-13T15:33:47.000Z","2019-12-13T15:33:47.000Z","Ugx-fSm8UUPm7LAYT9p4AaABAg.91HTTEWD6sA92UdjDUCrfS","Ugx-fSm8UUPm7LAYT9p4AaABAg","ii7obeNa20g"
"109","it are KRISHNA wordts","Ari Ari","https://yt3.ggpht.com/a/AATXAJxCIhtsCb8Bh3d6t-EAGQQiLl7LVN60LgWtDg=s48-c-k-c0xffffffff-no-rj-mo","http://www.youtube.com/channel/UCUxerd8_IoaNt8QzW4Tqedw","UCUxerd8_IoaNt8QzW4Tqedw","0","0","2020-03-13T11:53:14.000Z","2020-03-13T11:53:14.000Z","Ugxtcsp64gzxyW6lv_V4AaABAg.90o9cNrjvaz968ZpOd-bkU","Ugxtcsp64gzxyW6lv_V4AaABAg","ii7obeNa20g"
"110","Learn english","Halloffame P","https://yt3.ggpht.com/a/AATXAJzZPJXU6XbPBMdY0yju84OZe1FZVUjTuPKsUA=s48-c-k-c0xffffffff-no-rj-mo","http://www.youtube.com/channel/UCqZEKhWoCz04unD3BeuoiKw","UCqZEKhWoCz04unD3BeuoiKw","0","0","2019-10-30T08:50:09.000Z","2019-10-30T08:50:09.000Z","UgxZqLj-_9cnFTr0HMV4AaABAg.90SUqV7JioF90hcZLnP27R","UgxZqLj-_9cnFTr0HMV4AaABAg","ii7obeNa20g"
"111","Pranam Swamiji. Really agift from God. <U+0001F64F><U+0001F64F><U+0001F64F>","Suresh Babu","https://yt3.ggpht.com/a/AATXAJyGF_9mQqHEuFtjb7wlqL12KZrEzkbcwIIUvA=s48-c-k-c0xffffffff-no-rj-mo","http://www.youtube.com/channel/UCBY8Z7tPCU79AuKtuP7H7uA","UCBY8Z7tPCU79AuKtuP7H7uA","0","0","2020-04-27T12:55:04.000Z","2020-04-27T12:55:04.000Z","UgzMBk1ZPtn_JCu3-qh4AaABAg.90KntUFV2ot97xYflkokmx","UgzMBk1ZPtn_JCu3-qh4AaABAg","ii7obeNa20g"
"112","Mr.Manoj ,   "" I  Thank   You""  !     Chandran","Chandran .k","https://yt3.ggpht.com/a/AATXAJyDY651CInW0HJca9vmBReWB4uFG4eIFzBnpw=s48-c-k-c0xffffffff-no-rj-mo","http://www.youtube.com/channel/UCAFn3KzkJR4m66OGny28mSA","UCAFn3KzkJR4m66OGny28mSA","0","0","2020-03-23T08:10:22.000Z","2020-03-23T08:10:22.000Z","UgzMBk1ZPtn_JCu3-qh4AaABAg.90KntUFV2ot96XvGvNLQnt","UgzMBk1ZPtn_JCu3-qh4AaABAg","ii7obeNa20g"
"113","Is it original voice of Swami Ji.","RAGHU RAJ SINGH","https://yt3.ggpht.com/a/AATXAJwRDoikvqMnDAQZb1X08iaCuQvHnY7ZGLrR4w=s48-c-k-c0xffffffff-no-rj-mo","http://www.youtube.com/channel/UCGBR_jqvRM3qOpkYgWnp0ow","UCGBR_jqvRM3qOpkYgWnp0ow","0","1","2020-02-09T17:48:13.000Z","2020-02-09T17:48:13.000Z","UgzMBk1ZPtn_JCu3-qh4AaABAg.90KntUFV2ot94pEDYrlfca","UgzMBk1ZPtn_JCu3-qh4AaABAg","ii7obeNa20g"
"114","<U+0D28><U+0D3F><U+0D28><U+0D4D><U+0D31><U+0D46> <U+0D05><U+0D2E><U+0D4D><U+0D2E><U+0D2F><U+0D46> <U+0D2C><U+0D32><U+0D3E><U+0D7D><U+0D38><U+0D02><U+0D17><U+0D02> <U+0D1A><U+0D46><U+0D2F><U+0D4D><U+0D24> <U+0D2A><U+0D3E><U+0D24><U+0D3F><U+0D30><U+0D3F><U+0D15><U+0D4D><U+0D15><U+0D4D> <U+0D15><U+0D41><U+0D1F> <U+0D2A><U+0D3F><U+0D1F><U+0D3F><U+0D15><U+0D4D><U+0D15><U+0D41><U+0D28><U+0D4D><U+0D28> <U+0D28><U+0D3F><U+0D28><U+0D15><U+0D4D><U+0D15><U+0D4D> <U+0D35><U+0D47><U+0D31><U+0D46> <U+0D0E><U+0D28><U+0D4D><U+0D24><U+0D3E><U+0D1F><U+0D3E> <U+0D2E><U+0D28><U+0D38><U+0D4D><U+0D38><U+0D3F><U+0D32><U+0D3E><U+0D35><U+0D41><U+0D15>' <U+0D28><U+0D3E><U+0D2F><U+0D15><U+0D1F><U+0D32><U+0D3F><U+0D7D><U+0D46> <U+0D1A><U+0D46><U+0D28><U+0D4D><U+0D28><U+0D3E><U+0D32><U+0D41><U+0D02> <U+0D28><U+0D15><U+0D4D><U+0D15><U+0D3F><U+0D2F><U+0D47><U+0D15><U+0D41><U+0D1F><U+0D3F><U+0D15><U+0D4D><U+0D15><U+0D41>. <U+0D28><U+0D40><U+0D2F><U+0D41><U+0D02> <U+0D35><U+0D4D><U+0D2F><U+0D24><U+0D4D><U+0D2F><U+0D38><U+0D4D><U+0D24><U+0D28><U+0D32><U+0D4D><U+0D32>'<U+0D05><U+0D2D><U+0D3F><U+0D2E><U+0D3E><U+0D28><U+0D2E><U+0D3F><U+0D32><U+0D4D><U+0D32><U+0D3E><U+0D24><U+0D4D><U+0D24> <U+0D1A><U+0D46><U+0D31><U+0D4D><U+0D31> '","SHAHAJISOONU","https://yt3.ggpht.com/a/AATXAJziBTsH7vZyASfFi_tFxEau_5kAHPrEs5eepQ=s48-c-k-c0xffffffff-no-rj-mo","http://www.youtube.com/channel/UC7jhjdpL_p6uhEkx47bMCLw","UC7jhjdpL_p6uhEkx47bMCLw","0","1","2020-01-10T18:25:55.000Z","2020-01-10T18:25:55.000Z","UgzMBk1ZPtn_JCu3-qh4AaABAg.90KntUFV2ot93c2gNku4Tk","UgzMBk1ZPtn_JCu3-qh4AaABAg","ii7obeNa20g"
"115","Stray dogs care only filth,
and never know good and bad,  keeps barking....","Vasudev Vasudev","https://yt3.ggpht.com/a/AATXAJzD86YS8Z8d-ex1__wyonyp90d2DVBDK_oPTg=s48-c-k-c0xffffffff-no-rj-mo","http://www.youtube.com/channel/UC3F1AFVx4Ku95Dl0bibvWiQ","UC3F1AFVx4Ku95Dl0bibvWiQ","0","3","2019-12-01T05:06:23.000Z","2019-12-01T05:06:23.000Z","UgzMBk1ZPtn_JCu3-qh4AaABAg.90KntUFV2ot91zcOU13LM7","UgzMBk1ZPtn_JCu3-qh4AaABAg","ii7obeNa20g"
"116","..... there is no original speech. This Chicago Speech wasn't recorded at all. So there's no question of original or duplicate...","sanket maharaj","https://yt3.ggpht.com/a/AATXAJzEXNcaU2Wd9v0DMAuXjuh4D2Ar-8Fp2kXxEw=s48-c-k-c0xffffffff-no-rj-mo","http://www.youtube.com/channel/UCYSnM6v0PCFVCRt9TGnKrBQ","UCYSnM6v0PCFVCRt9TGnKrBQ","0","0","2019-11-29T06:11:11.000Z","2019-11-29T06:11:11.000Z","Ugy3qQo2E9Ctzue776R4AaABAg.9-SwnSxo0RJ91uaDIEhsLH","Ugy3qQo2E9Ctzue776R4AaABAg","ii7obeNa20g"
"117","Digant Bhatt is this someone else repeating his speech?","loke senpai","https://yt3.ggpht.com/a/AATXAJxkDrJa_DJSwABRY6QHwemfluxpDhhnk5B95g=s48-c-k-c0xffffffff-no-rj-mo","http://www.youtube.com/channel/UCbKwM5f9UgfTEhDkJFEiFHA","UCbKwM5f9UgfTEhDkJFEiFHA","0","0","2019-10-27T22:19:32.000Z","2019-10-27T22:19:32.000Z","Ugy3qQo2E9Ctzue776R4AaABAg.9-SwnSxo0RJ90bLnqBtJJs","Ugy3qQo2E9Ctzue776R4AaABAg","ii7obeNa20g"
"118","IN   INDIA   VIVEKANANDA    IS   GREAT  !!!   IN   PRESENT   U S A   HE   IS   A   """"O""""  !!!","Punnoose Kc","https://yt3.ggpht.com/a/AATXAJypW7KI4DfxDRTtJDu6N7X5oAsrmppStI_kHQ=s48-c-k-c0xffffffff-no-rj-mo","http://www.youtube.com/channel/UCpl3wYImUVnlLLS75B6IxSA","UCpl3wYImUVnlLLS75B6IxSA","0","1","2019-10-21T02:29:21.000Z","2019-10-21T02:29:21.000Z","Ugzd2FWGaR196fHGNgB4AaABAg.9-R89zOjZT090KlpTKyKNe","Ugzd2FWGaR196fHGNgB4AaABAg","ii7obeNa20g"
"119","no Amerikan QueenS English,do not understand Amerikaanse this is not his voice","Ari Ari","https://yt3.ggpht.com/a/AATXAJxCIhtsCb8Bh3d6t-EAGQQiLl7LVN60LgWtDg=s48-c-k-c0xffffffff-no-rj-mo","http://www.youtube.com/channel/UCUxerd8_IoaNt8QzW4Tqedw","UCUxerd8_IoaNt8QzW4Tqedw","0","0","2020-03-13T12:14:26.000Z","2020-03-13T12:14:26.000Z","Ugyb24NJqKDGyEpUz_F4AaABAg.8zkO6ZxTBIq968bFldXWtG","Ugyb24NJqKDGyEpUz_F4AaABAg","ii7obeNa20g"
"120","That's because British was rulling in India and accent came from them.","Bacharam Kenaram","https://yt3.ggpht.com/a/AATXAJzvOQPNySAZ0uz5hdv4Y7S49u2Ev7qL5Ykh3Q=s48-c-k-c0xffffffff-no-rj-mo","http://www.youtube.com/channel/UCs4MziHKIH2ugT13E6nco6g","UCs4MziHKIH2ugT13E6nco6g","0","0","2020-01-20T19:16:57.000Z","2020-01-20T19:16:57.000Z","Ugyb24NJqKDGyEpUz_F4AaABAg.8zkO6ZxTBIq940tU0XWqvr","Ugyb24NJqKDGyEpUz_F4AaABAg","ii7obeNa20g"
"121","this speech was given in U.S. so it was in english .","chey guvera","https://yt3.ggpht.com/a/AATXAJydIWQcxmLv8jy2_HXrQmBMWaphirs2nf8W0A=s48-c-k-c0xffffffff-no-rj-mo","http://www.youtube.com/channel/UC0Kc0nr6EWrAu-v3lLWNzSw","UC0Kc0nr6EWrAu-v3lLWNzSw","0","1","2019-09-30T05:41:59.000Z","2019-09-30T05:41:59.000Z","UgwNcCGzq2WejD5M1x94AaABAg.8zQNh1RAwjk9-V2AxXEuO1","UgwNcCGzq2WejD5M1x94AaABAg","ii7obeNa20g"
"122","KRIHSNA'S teaching only","Ari Ari","https://yt3.ggpht.com/a/AATXAJxCIhtsCb8Bh3d6t-EAGQQiLl7LVN60LgWtDg=s48-c-k-c0xffffffff-no-rj-mo","http://www.youtube.com/channel/UCUxerd8_IoaNt8QzW4Tqedw","UCUxerd8_IoaNt8QzW4Tqedw","0","0","2020-03-13T11:58:19.000Z","2020-03-13T11:58:19.000Z","Ugy-I8NQGQwyJJrMBuJ4AaABAg.8woO6W4oKvC968_Pg96xfY","Ugy-I8NQGQwyJJrMBuJ4AaABAg","ii7obeNa20g"
"123","Jai Sri RAM BJP YOGI ADYAINANT","Ari Ari","https://yt3.ggpht.com/a/AATXAJxCIhtsCb8Bh3d6t-EAGQQiLl7LVN60LgWtDg=s48-c-k-c0xffffffff-no-rj-mo","http://www.youtube.com/channel/UCUxerd8_IoaNt8QzW4Tqedw","UCUxerd8_IoaNt8QzW4Tqedw","0","0","2020-03-13T12:05:33.000Z","2020-03-13T12:05:33.000Z","Ugw8xCBqvJBQ87GY5cx4AaABAg.8eNIvkOeepJ968aEc90rK3","Ugw8xCBqvJBQ87GY5cx4AaABAg","ii7obeNa20g"
"124","Swami vevekanand speech nice speech","Devendra Kumar","https://yt3.ggpht.com/a/AATXAJzWQRET01qYGdm2k4EArD5Y02KIg-S8tfcWtw=s48-c-k-c0xffffffff-no-rj-mo","http://www.youtube.com/channel/UCk894CuKxhVM8bzyOGLS1LA","UCk894CuKxhVM8bzyOGLS1LA","0","1","2019-09-28T17:04:54.000Z","2019-09-28T17:04:54.000Z","UgiWWY6Gqz3ZrHgCoAEC.8PkfUmKY-AX9-R6k1TUbrZ","UgiWWY6Gqz3ZrHgCoAEC","ii7obeNa20g"
